1531.1760491054995,-1072.1812671909413,-1867.025753393419,-261.78416571260766,-689.9194365952003,123.79146632782546,-424.2241068099242,377.547607047456,439.4300818397762,-1032.1630888452419,-293.1267085621502
2975.8964541456394,-759.8830851864526,461.8116649249954,-1206.3223006392413,-2506.6672751105116,-384.23401599312996,-1230.0003342859432,-324.48294279826814,385.94607539774097,73.0733174222893,164.29896303422396
2696.449219672328,-380.5157533681475,-1004.9618404353904,31.708451272236726,-1029.603818824952,1081.1507575712762,-463.2718005653986,-237.58364224692872,1116.5310970393036,-821.9864203892503,-520.1043686827098
3242.390090324459,-1162.8882897519538,225.10268216829695,-2717.8755400313576,21.034454942395616,820.9263770651303,678.2181295779152,963.4113671933211,-486.02181412654625,-886.7791117621501,-533.4916915394085
3644.615759060211,-808.8458518499317,-116.30223036130212,-2126.5868073275938,-214.95177048680998,461.7908020794947,-535.8128753295285,-206.41477845870332,-106.53030152784054,-114.16776547233292,-19.241642300950595
2530.3107283125128,-1129.314767193967,4.938559990985723,-1729.751279951395,-1658.231205974603,404.86712516551904,540.4512898675056,1105.1461577915188,-395.63363008196404,-716.1147724483202,-408.82064324521775
2386.906639957596,-751.5084971357745,-1127.5237721664428,-997.9225362903918,-1112.7153105930845,916.6043145786646,-365.6731353958802,634.1795791155959,193.5054033988938,-700.5757830802473,-202.8125577217116
2807.504375279918,-429.19389699443985,-1073.389692406911,-1939.610211670764,1257.0939515215728,892.1208479302716,-589.8001021997728,220.48467251962222,390.9939863358296,-1109.8960191258614,-475.1291717395716
2737.4744482801557,-1200.0702520805448,-407.762580227984,-2503.345518699061,736.6694216201271,1325.6998842428686,-692.9143644968315,-119.84760433594515,-317.8441358715197,-512.8859688539806,-337.3743364301505
2625.4542180433573,-949.5752400125897,-926.1766089229143,-1546.3723657663706,662.4903020327359,-208.62647494953382,-554.2859548853103,-616.4256933709631,313.8898164692829,-648.3102007086977,218.38663246217254
875.8122941494381,705.8873220513709,-1348.4487944380849,-650.0682514397805,-134.1828678717376,339.92796134682,839.246540537761,-498.20981793908123,338.9893410057643,-434.75301550129956,-395.993182003273
758.9506247274516,634.451021289136,-1610.6524148723554,15.91843619238049,-597.852373335402,402.567819547434,123.47272982843623,-701.1753217484062,683.5043642976214,-385.823762741027,160.84295521763067
1024.7197209639808,771.8090711468745,-1312.478004541498,-180.2361705156301,-203.80344532652595,497.55618817416826,552.243598882976,-593.9494502737616,755.447211984364,-513.6804790977792,-130.11019360492568
714.013660792803,804.7209682215858,-1549.8956338059347,-40.95848108493238,-551.745713313915,461.6553536523385,90.55429365530354,-789.9986523942694,738.839398232685,-270.0309739756302,187.20266696436596
896.9498996175573,516.0751306974685,-1365.9336947026422,-440.88156952722846,-787.5589867045439,291.7755543950164,511.5102719286102,-556.808869123281,598.0913055252579,-292.7245866186348,-44.17788678807888
438.8177207119453,658.454205587138,-1531.7271006971594,208.05075674281318,-1005.7474961849716,-138.05865304152098,-154.64250852494263,-775.6106011026694,510.333388640772,-265.83565879698614,333.8690385161245
1381.1361810753028,938.9227811504618,-684.4511446845863,-508.6049506178895,-153.07679392150575,333.5393716221814,713.7335899969563,-520.3777415340342,1084.0534384916916,-375.3833171750707,-370.6320720330437
1102.7628460157396,858.9119030576903,-1148.8050154177959,-313.64608508694516,-238.1001594858745,360.0891387837081,544.1336125418259,-580.110739221156,908.9884729694343,-440.8870337442676,-238.01136703150848
817.8572118213405,1353.464378391439,-1000.1707339503726,440.1729038468269,-944.1532162659768,78.664244185033,-466.5974672357884,-969.4068820115565,520.4093721377392,-113.1384415559666,-244.3089656445397
1325.1723099007768,732.405447475916,-907.2454230787708,-351.22067305344115,-612.3060072687811,261.53325884811875,661.1291538070952,-568.4441817288479,960.1326396159773,-253.2774943137528,-174.45252671278158
138.70478878725976,-424.19313093265777,486.69878118111654,572.6781547083527,1065.18654771568,-706.2468416711749,-250.60273711919413,-334.5126825909433,558.3385800373499,413.8233731159744,324.85828131368834
0.16540889763732824,-638.5392279150119,610.8553382761424,-150.35511579661676,1341.5537125385379,-509.8644124568247,-410.9155316248736,-283.9874688915487,-52.27620890916122,423.2117706617876,980.9805696220548
311.2566457666089,-618.3252118195558,376.24854356014043,-121.19679741942515,1578.530754728838,-522.0188825913623,-353.7949424315329,-200.10038006645175,260.2611855569228,256.6099165959599,1065.797401064314
972.3039140077864,251.8893636796857,675.3437613169898,1268.9958666668235,170.90955291200285,-531.254540935828,368.2080538479958,430.4128483706738,161.0326839315433,-330.35324049538224,525.8727076389804
1140.1177256737853,572.7850695058602,1005.3090110669766,1283.8710379507436,-259.3179378162837,-256.82787186126177,342.8954145294695,977.746586449502,83.38333724967376,-416.2130781103143,960.9041051348664
273.79635331866126,-1413.7378500919294,-207.87149887390285,958.6162350251176,419.1462623632915,-466.3066956571745,162.44080002858112,-173.55163399554863,-281.5297756061063,-91.89626151028715,-51.62048831930464
225.18006143878154,-1157.1920906413275,133.35208617856438,1463.474266350561,383.351216003155,-272.54572804940574,347.9319608309624,358.82875068544064,-255.56826006955794,-323.04193583264953,346.87292307820036
460.41840917849834,-1105.0246345685207,12.03092841056892,1133.7232596073288,688.397412788899,-213.99971590517447,461.8417191028587,550.8998890751254,-290.5172483587925,-417.40477156496956,249.49712533491925
470.0919210851495,-1322.1044928133233,-253.4692326229186,110.82552536188173,1587.0231065764808,-486.05917222151834,-372.62590973314684,201.05121950686012,48.085441092626674,89.94884797071506,403.2601665700166
627.127076989327,-1006.2327172685133,-224.3464868245593,-115.7881214222243,1747.1311755651127,-536.1956874019298,-482.7391922614893,281.1519618190276,-193.95141467676135,205.39674009109416,799.2547316233098
-158.290259454699,-626.8325826303256,181.56619832511123,1156.6574436019234,43.230558364766644,-1181.117623260963,265.6801544176117,822.6568453057255,372.7688226993554,94.39003256812464,164.641603178749
11.868278290846145,-325.7118262968254,-207.9466436406045,328.6657813080656,769.1709991315699,-1753.2150887878581,-864.865473320526,292.0573830607006,170.02064171704183,215.78062848455338,842.3736571504174
216.05713641261664,-131.73118216516573,164.49676912675272,1179.557533591174,-68.02592991443748,-1110.1381157204903,466.59675845447754,1128.9727770854101,7.903938632055639,-347.9960957628844,457.73196430141263
383.2647033504598,-1379.2148536263808,-482.9330889381468,110.03658637890594,952.4219865303836,-1346.3950632148972,-600.0028414839448,642.7472980997866,-158.51416028444712,250.52340498461837,77.8722557744434
450.3269387517615,-1350.3484531012114,-575.2938096569983,-473.6713711897959,998.5557646895105,-1648.2099217495406,-759.075432884325,149.88708286617356,-595.8182631541748,119.14314233104608,780.9092694171901
1195.2484019094206,-738.7138632054053,-434.39044235023994,385.70947258472444,-248.64299915848076,-698.8176630270908,561.5927773273734,1294.7992596194822,-795.55443135398,-907.2008633084388,271.9106535898515
316.38409696158715,-1227.1411445667645,-391.2333988778351,326.4524086950285,861.3087604193918,-1208.9146047824145,-503.72592471997115,809.6442329600427,-40.16578914456471,93.98990663966538,-273.8060992105535
340.0719683423194,-250.00546038138887,-70.05712313772965,921.6924978412769,30.705878368388255,-1366.9446578865138,279.52763556533824,1056.3270499208863,65.90724841610006,-258.94755706294706,391.2864704156385
-132.3286734585209,-593.8079669505346,-124.23974758594265,424.6367806066156,687.5928186262156,-1783.544116380208,-682.8884284237864,-10.150953273031943,280.50470996044044,-15.719075365073456,566.8266982492748
4.3589404340855715,-1455.9619536327762,-342.87049716560335,-562.6642338514231,843.44168545811,-1307.909406323387,-698.1971140593449,8.436464736055548,-938.9073760008444,-17.549533157974658,874.9100761318048
1169.0744696861798,-296.1831519520798,1983.3666147329616,846.6273738154788,-1438.391453823313,-19.842957751006118,666.7974852530725,-133.5430304621466,255.12448081597293,-85.04602998711636,391.5519815160695
1261.0202597149164,-438.64007258245476,1622.4930694695197,892.6669156637721,-1002.4574063415706,-422.7729959589834,100.49791778819849,-574.2356727609329,661.3329529371412,211.54678167695573,-281.7073795250842
1118.8618955041843,-819.2320138711607,1554.250570015307,563.4275454574146,-856.9609351188128,-277.12024464419284,43.90199518617668,-777.1291821839545,615.370777031385,232.79275704030206,95.885884091104
1062.5293580855546,-90.50847969550478,2023.7469949002502,848.7613892370525,-1358.3087920851062,23.92259935201062,588.6108783807866,-82.29651893178972,324.5444729519096,114.1579520871562,475.99796118650085
1720.3028555602907,-1810.982526910549,1168.8946907057973,-256.2147057995542,-897.2739516536153,-61.51770013805316,708.6145706573973,158.26981051134356,-520.2134162971065,-425.3606544262724,414.3444445961885
1727.364840590951,-1597.7477368679902,1245.5861691415103,-87.65055662649361,-852.5062254429729,-130.25073613914364,766.3767390396363,55.54929312843859,-449.2507404903811,-541.5197804851199,340.6690231813615
1262.3316445666148,-70.49461771873544,1922.425015831932,770.449441292877,-1248.6060191184838,-82.9689248017808,503.7289266929587,63.61678482304228,373.211384729551,2.0264758022869263,595.3255766956797
1437.993521643319,-1684.1949274059532,982.7891219488142,-323.7513204247066,-616.2619191990501,6.347768568106016,379.4636911600361,-691.7912806844116,-535.9691108918157,-740.8317011371568,65.42632137012387
1403.08838161176,-1840.0135477131744,1073.7426644793727,-293.8109181492548,-444.0564847451242,-41.76035232290392,567.5297637016564,-335.79854655985446,-291.9554074168772,-691.5124763886463,-133.11577054405518
1898.8391908070148,-1715.9569826096022,761.5489532854165,-202.25262137183464,-661.2129845548736,6.083412479193907,595.5746677470194,998.1343303565753,-115.87084187795202,314.30766254606226,-68.9604885847966
-853.9712566816316,-2251.701639408428,1447.181968719334,-551.9646296916796,-1668.9924703744161,196.830180736467,-1344.6466971186821,-587.9617226401133,-465.67365090238906,451.5432622283472,-178.77422098583526
-893.2488419454913,-2053.9844114473412,1610.7182076599634,-591.7416961554501,-1852.542141143184,488.5264990981547,-1396.298119400429,-575.2175398514632,-381.11823406333815,294.7445436797913,-109.06150917064492
-755.2833575058418,-2301.6577969157825,1323.6363149187484,-409.1004723143935,-1577.142201928286,177.3468337413505,-1122.7382026387281,-397.34739455532014,-374.0188198083117,674.2195162389228,-404.576802553237
-218.8683969985049,-3258.820457551485,1058.9632115311554,-1351.5525046933064,-2152.7323147790075,810.6354021353826,-1015.5100007649969,-131.4399088369433,-1177.0936312134534,-122.97931126088262,-318.40079473798613
-115.92086838000283,-3559.4834887755833,991.7113301589594,-961.2166262163485,-1690.6927985854857,476.9242879754815,-559.4804681810731,216.2206756679704,-1132.0357435817953,-18.91626216597577,-444.3386606060184
-199.6439561948467,-3557.468625250019,1063.840051766324,-1258.3598168260703,-1495.079945210297,517.8949289667203,-928.8005999702691,-111.23615337125902,-932.4676737761004,170.24113452333734,-630.7594724388439
-158.52951363632747,-3559.6571171885575,1233.5813917344344,-1196.8701357560954,-1746.6484247814496,794.4723104107999,-835.6601495221042,126.7133171762651,-1055.1051292374448,-195.19363408580475,-142.5435475089879
-164.2655751177563,-3604.879203637697,1104.458228176302,-1737.2019353365517,-1398.4945053795252,621.9525468879476,-983.9177962900362,-284.90665619030347,-1115.936835487814,222.3713396781983,-92.1329348630482
-34.871178005134354,-3363.9998658025856,1477.7543896469203,-1061.9294312464551,-2463.446289346076,987.4500124554663,-1137.4635304374372,38.09849335233666,-1238.8945114228786,-26.791509906922542,296.0360625950789
-137.05515054392154,-3490.3202348232257,1092.816730624506,-1349.9286619455168,-1957.9579285550917,850.1414708084424,-969.503965022498,-114.34265339750544,-1101.8072536048942,27.15137117286536,-454.16950740413483
-758.6044351180625,-1268.0652509547895,-1092.7843055169424,-907.9330031087698,932.5033685473162,1116.3956675608915,300.08549932850246,-662.0668815710574,45.65320686288431,1352.255464691467,-490.82802449539463
-862.367272232823,-273.59770660056665,-1071.6045174436567,-553.9713679063312,977.375273311885,809.6938750294291,292.80014165012824,-330.6724836251132,-64.4324737402667,1422.9801168259585,-530.3148639289415
-562.3130603420906,-1441.4755574933658,-1244.5138153293674,-746.2665509387732,467.01452411890926,1028.388388695579,300.2769818831292,-372.66942964955007,161.5091706829315,1645.3763318038787,-582.9913104538732
-367.15811509332934,-1501.7800379475525,-419.2219483421702,-1474.3847336216966,1111.1889046721458,609.2868507869507,741.5244675117109,-731.4722484126307,306.88976373505477,942.0065568089177,-653.7146503667761
-201.4018764942044,-1571.638235346183,-785.3205822450093,-1619.8149041235445,1323.259011362841,674.5185688403217,762.2587303472703,-459.57690842786576,62.096904440547,1143.1947206288182,-462.69494345621257
-524.6379128843191,-885.1077496746263,-1158.531313807174,-165.78670381121492,586.8835666474487,1195.2124287146003,77.86897906641087,-155.1779118657869,43.299812285450365,1460.0187595525836,-549.9156727044054
-698.1410662276385,-1463.4621429266808,-1197.9305716388133,-493.95575654072974,474.3095312864142,1308.3358192549572,173.01347358989557,-440.1249958287374,138.16191945728812,1309.5807607250629,-655.0475446020126
-947.5831714576187,-1283.947030475237,-971.7287251720124,-180.0614995330684,455.19297543676976,1521.6272754059448,89.49666203913615,-481.5430560640562,101.519478643308,792.4016218783513,-629.8577163224875
-634.3572851102233,-1255.0061714075755,-1288.6017346348822,-666.5414494055145,1001.341456238994,1383.2603610172923,306.7545026651212,-176.2599345532029,-36.374115851505124,1337.8454183217832,-597.9292121275702
198.24219028719457,-1240.5711845314518,-788.7818188197147,-1211.4165784358922,1350.6627645784401,422.2961507548575,584.526072263551,71.6494695161136,217.6389351394825,1183.2782842940717,-428.2801471485801
26.955732253696915,-487.7532902812827,-1068.2720291873527,2244.5736642852594,-1386.161908147956,1377.1038944113857,-35.34209406974804,851.0874106840733,459.54811902032276,642.6522685793315,-167.4736825864252
16.558927873992687,-22.253692081700276,-1037.0555238794427,2516.7255791118296,-1266.386854423536,1538.5104652868597,-88.58785768243199,780.6655300161884,264.7720054132606,814.9011343208381,-179.21475625742227
561.9463140059215,-1474.674972227683,-1884.4782881173137,1824.042330261177,-720.8932640133619,204.59219905837233,-258.1857833384821,1051.6043019171416,61.05916045192412,311.7244446567281,-645.2429464439994
217.28326586687157,-451.86562197966987,-1010.0258251464213,2455.4610668498403,-1200.3018284168206,590.063766329954,-595.0081104160831,542.4035318579679,233.2372764937083,683.959429651244,314.7135039036979
1111.4285431896978,-844.8420333717688,-1817.0900624652513,1951.1012236958295,-1508.1839015477206,-43.07003623733276,-460.3073080999969,1239.4730051873785,-106.26660792893729,112.71136988617607,-308.38001732827263
946.5945143860665,-1086.8674644534874,-2106.4040089326363,1814.1037129060073,-437.79213288434374,577.9465546321835,-589.8700910090627,1196.5821546465681,127.3107586978521,250.3579031490715,-505.7518330619736
-182.54075370906094,-570.7461412031405,-872.2741587691679,2720.0538675452476,-1211.0006694515655,1017.3508593512277,-395.39015917145844,366.00710185865313,695.310219527567,737.7337954283149,-267.95543415937044
822.7791675511547,-1374.000967191714,-1833.3533498432794,1655.0065692912951,-1399.439658740481,-232.89398881769657,-191.3827976476062,1234.1932354884757,-93.10494705873938,256.7761006997784,-334.21062411630476
641.2621947395554,-894.0198251755343,-1636.382972324421,2133.26927975498,-938.1497138615136,1312.9565035219198,-165.38708908158202,1427.0686243415391,7.27564974315635,-255.88875704708698,-384.6696481681156
548.0430441567909,-1561.9735996591055,-1937.2017965823993,1604.1695032195157,-450.4543650040703,-120.82596632206634,-326.85087460136333,735.4834816420223,-43.189364676118835,311.69180844663185,-69.78774700126732
-1310.45419992031,-839.9569604854958,529.1628383849046,402.10716268099486,481.19083102959075,-856.931824187117,-251.10992247111153,-1202.629778032805,-582.6883207629554,-718.3226642257706,384.8254596397143
-1055.6261912212963,-895.8643906898009,612.5967895124891,868.6764227816811,543.5103261760263,-1197.4711340687975,-336.56861615743475,-892.0681944257334,-166.18507684512412,-375.35263490840236,-18.88950789971558
-1076.1738280830205,-707.0163331147606,474.91511826368924,320.23076418067586,607.8080349071577,-1179.5571015031492,-161.46515672556455,-1170.4406447766419,-624.2765240072592,-749.0077993621364,427.4487715618019
-857.82248193884,-1269.2558737668055,252.97517132630222,473.1437794463733,711.267608673789,-970.8614568665215,225.32551706053482,-167.10125843239348,-539.7075875969349,-757.8443180298808,-330.14716466451193
-1152.1416729553769,-1531.6928457393383,450.8764175103036,-477.1575021478627,1170.4078430737086,-1092.888568389832,-55.059716885060446,-645.5455570246132,-758.9362638716962,-674.3000788255562,339.84563493200164
-909.4440670003075,-1163.9966186078955,597.4553353652276,1109.1135794329034,-354.4592516979672,-480.7367376182644,889.6493462271154,188.84245470948548,-1216.9340239186997,-834.2974640488895,246.26909892363508
-868.9948878298302,-1058.2695988308626,953.2939440151808,1353.4285874798925,-404.05363235309096,-516.4685303490174,768.4577461648524,367.57501328012063,-1110.972661395773,-633.4529829924903,522.5620727292651
-741.0574249539337,-1589.573413302842,472.9404182904432,972.6705819713844,247.65441322155553,-790.3105015872936,455.26640195344896,298.5033191583618,-252.421334419794,-237.46613036470274,-553.2656607645617
-1259.6798467449503,-1682.4591382953206,392.86802266752187,436.95428195395306,435.8216852226053,-718.1471993856047,13.080002111937205,-790.980497257858,-659.2666720127727,-458.27889302664954,-313.3732567377336
-636.9674822755795,-1464.4056167570293,393.98983709844856,-422.50699734575875,1196.9956126253942,-1317.589545078247,-103.82640686935939,-191.35348790726744,-728.4934305755713,-299.29819330957963,775.3358093978044
-2584.912113830757,-991.1525212769773,44.50434112229281,1979.519947822213,-315.14750033105753,1956.907645547481,-137.91657418811928,-1138.580581760007,239.89896072982995,-427.27660026763806,1092.834007778306
-2364.579369146242,-1385.315716526023,-627.4411649815698,1697.3654932714471,346.40259246332744,1558.2377635442897,-37.128669294846375,-1398.816198333632,605.4040954721174,-801.3425735379011,656.2123509234061
-2216.1973342550714,-1565.0054868870461,-805.8386469058888,813.2206619046133,514.7233111249805,1252.0051839369082,-166.49833308175312,-1358.7864110149465,414.0691019565808,-1028.2708428755748,1078.3041122496568
-1994.294014285859,-1467.3600305032985,-599.3578619857471,619.6638168703303,316.501683566256,846.1138722467349,-151.23167997468954,-1091.768581440253,295.7585396778674,-1035.6771264795018,1039.3138589405842
-1450.3621053489978,-2256.2319360223687,-1539.3967159332428,1567.2576067160858,-208.00210108254436,668.0612721303789,492.3699895922239,-1047.5631149411072,74.4361620266559,-966.6154180898889,177.19635478536955
-2062.343030676214,-2924.046947495684,-985.2269778359175,235.7305119348087,199.75352840197468,1669.103656326573,84.78970440593218,-1275.4675847600834,26.764093957181743,-675.395381008535,812.5361088162787
-2305.2237986834202,-2428.475044221672,-911.6847835229829,-7.76106253807624,752.0755785572984,1928.335968429936,-235.56219823748054,-857.8235284272054,0.8054632365788343,-995.0490625415114,1137.0917617210437
-2165.2979182241615,-2159.3077873449774,-1293.0478812624476,1259.8914410814991,133.29324348653324,1732.9167123336792,-85.42120296312545,-1273.750570909583,-10.186974163755025,-976.9026885832012,630.9566747980776
-1868.5083407648724,-1344.5071065775978,-862.0791670722053,1891.2545393990513,-907.5197262140533,1217.9061451113582,136.2527697295978,-537.1717661014316,-762.9607052124061,-679.1001414697811,1104.825919095551
-143.93496921428243,-1962.7185760739806,-1543.6268881622639,1616.2828577794717,1330.4882747469956,198.06081346030174,-312.790248078571,685.7713644583758,565.8225132441072,298.06699854879156,317.4643343398511
-993.5004806652369,751.6140413198206,-1724.9444114872035,1820.1811380138754,309.8543465702736,-110.72334454671214,-229.72056388589624,721.25690030978,-777.6074295053899,1070.6022599432274,-416.0868979208091
-718.8359526732803,1099.6871675538682,-1228.579047772817,2156.6902209069085,-936.0670360034999,258.95892742271013,1171.3532692864949,1105.2901948281183,-472.37333603209925,298.79303399836374,-72.22537775051507
-235.9273379075659,1053.8747880043343,-1680.155032000861,1930.2689714113758,-73.92291019000928,-24.370035835065273,100.73884939222717,1067.9286582959912,-717.4914472989542,598.6140146832695,-312.55979971122713
875.443056022442,1677.9309366129091,-1462.4029425907015,1096.1460777060713,125.79697572744709,895.1085895321619,-918.219345426598,195.12721338862912,-1036.890030938334,287.21121551579006,-377.9131423896427
739.1724227894739,1522.9849889151806,-1453.8253065802082,895.2824023478678,271.1247388169195,1036.492732604412,-990.8574555310704,-152.4234083122704,-1286.603027284997,303.88738476684506,-401.24681908518113
-1159.7566209704464,611.4168726546086,-1418.7389235965247,2332.554903777186,-167.2647092318883,43.16698842920218,429.06855955309214,933.8420803159016,-447.8258214169398,612.09905838901,-321.9158738652717
-821.6911943114511,795.7721988793452,-1861.949245006485,1495.0118751892778,817.8167770270229,-544.9677484648097,-1245.9238472194704,-46.94902661070968,-804.4726902617224,1114.310620617824,-205.81623968516345
-451.45181167588896,884.9766110318141,-1802.852975216603,787.0407406882711,884.6620481414277,-749.5472652735128,-1452.3511108095272,-699.5775719300515,-879.3726376428982,1178.3660208504534,13.618111619816812
-14.693039080669905,1319.6086037590849,-1639.9727003517664,1619.1074181689783,464.0268510415004,-407.0187230389326,-1224.9584510903833,257.2407308000014,-959.7106826113867,695.9228074643692,-422.05231409902814
-1393.2146179682545,734.019022598964,-1454.0989925229437,1901.251368285959,558.7309906395986,-302.05198139856833,-702.9411119824764,407.60545782360765,-604.4822021433321,1007.1910169105914,-366.2344988233377
2298.3212167219526,-1194.3920346020595,-545.9183097961115,489.3871092881441,282.54030767429975,-218.7312561544159,829.325881970315,-43.690663187357764,847.1318605247446,-278.43204893739033,-520.7971431208456
1405.8960844868252,-333.85976206660337,639.617697149264,865.180495239073,741.0765510845284,-206.73687425624504,1506.484644486668,-907.3519915861999,1338.775281797752,-305.8408457506188,-505.77266412935234
1502.2321000633751,-11.30253365510032,904.6176612988363,1038.0961024226,340.2627033177231,166.45265619232578,1739.3678519319683,-259.6231949700265,885.7031468677219,-374.7439853888174,-399.1666269402093
1145.081725343043,-76.35194150447484,801.161584561682,1480.9354601477119,574.5733445978611,-293.6164614505441,609.4961827501311,-951.7946027651027,1326.1501270514889,-273.6321598593302,-542.6019771752468
1099.402891019281,-570.6273615563715,581.9471646698604,790.733673493978,679.1727485947431,-3.759106174643582,1277.49367836321,-1526.7625469354352,1062.790269466333,-618.6718136677828,-312.3659897630234
1930.9251791468391,-1102.5532169009593,-95.93378440587472,-73.34962231275034,1046.2928279261148,-5.971690175121012,1132.9023206092093,305.9499794826369,291.8267177924999,-223.8546028958328,-716.5910302123954
1199.0139100688216,-401.70395777042296,787.0107425547119,906.4272241803004,1219.312994836689,-225.8426847233687,942.268775877615,-959.548592766648,1546.4209703555573,-98.57276243732133,-413.66914011684156
1926.520574743741,-1268.0362838757683,-358.06509144793836,867.5857887619788,-126.7551877682233,-821.9384816845364,496.77862828707356,-617.4227798170441,651.9317374655418,-229.9555684652373,-468.4335926478044
1302.4269234014437,-1490.2819227655411,-159.12038536753155,1138.1071061656307,488.7155106725417,33.800040480226805,679.1904115681233,-657.3560951027308,501.3660391762978,-268.91746664910323,-372.2589802911205
1334.88320897417,-1454.5330609612622,-129.9077403634264,859.5927412603637,947.5522659222582,-34.307814268288205,739.710841581873,-646.8367952406435,716.2616337600274,-318.68152842114057,-479.9010910811096
2520.238434202405,450.39237026402344,1686.5487306792702,391.6082906037202,-60.225006879794265,183.74316359740948,-165.04998821895902,83.63036886129768,947.693939468674,-658.9150813490663,-158.97464517788734
2522.392792480602,583.6807822027467,1901.7738190417597,423.3879046219807,-129.06014752224388,102.97354690014261,-364.3727046949935,-214.74653362642812,1092.6430220569991,-507.65591617660965,-115.52306242771971
2760.83324954755,196.65054946014254,1662.9056664366296,71.72354258395482,-681.397068719138,1110.802878780573,152.7795345638225,1173.584414969239,455.26959052424075,-45.87940416371788,68.89315151739488
2528.258293874114,304.3415196424352,1709.4064972504377,-1.9126238913895595,-333.9835471441001,960.5991999073642,425.93744510792146,1159.257453019685,572.5404823682746,-195.13872140757587,-120.8548343295446
2584.7292627589095,-297.44718229551984,1099.7039514409041,10.82384987137969,337.5790490216067,452.4291477815214,-447.39174199994335,468.829952909468,708.432946893193,-412.36880291587033,-79.25148902005354
2557.4792870478605,-412.0616867082189,1173.9849317650705,-465.0335655868361,503.1248290481568,78.57681560233488,-806.8468500658242,-9.12114966163109,246.29655510856873,-81.14559056054392,279.5047443236775
2844.307909994839,-455.95668191975835,1174.579378316926,-72.39045609897511,-95.64559490407892,409.6739273279102,-106.0476708959254,410.10398407089866,315.16841365044047,-829.1354316559059,136.48623568124808
2793.3230652025723,-388.2667618931395,1113.0519776187584,19.929480092028157,-8.456720205381888,397.7864412462089,-46.7659563413918,448.3275714397292,322.0141756772008,-830.1525256632833,13.248954186981745
2432.8628432378814,-652.2308604452782,844.0318877053817,-301.90767517157644,730.4844432369337,34.45038554812024,-581.2676887647381,-34.00060102399951,528.1363161605063,-290.9234361379237,35.58623005905889
2512.921777619224,-319.46875912239284,1117.5727910997905,97.12132833374392,341.21338065621836,422.67887489314245,-370.197291968546,500.81396421947,640.0332237496085,-482.95143046861716,-47.55793576854812
1907.8986638201493,3068.3095984685415,754.9298399595692,150.30557122629804,929.0113925609865,1182.4482516049604,-457.12450441760336,-742.2512206375461,-1019.4020447588097,-680.550709592464,-939.3272664019486
1723.3598426229403,2958.613521183055,652.6096389224384,9.460579794272778,1026.967228264931,896.9204844857672,-551.0241797822213,-1100.7274565382954,-1069.3636370309407,-722.3775192730162,-843.31906621261
1831.8299631361197,2960.3212521254395,675.944430081277,-22.634674594905427,948.9073118754307,808.0010252123302,-485.29092051126287,-1208.18721505217,-1055.3198315296363,-630.743068152797,-758.6626743298054
1749.844234057533,3005.510880549281,726.2181902807613,459.5350792903868,691.0504963523224,1126.0000998336423,-139.853114890913,-797.2109756127761,-1157.6870908669753,-716.1129920706958,-631.0185052396645
1588.318375664894,3390.6863426448253,1244.9183861023046,330.4847166455092,659.7696669328445,854.9344088021641,-174.63726084402407,-556.1453417573582,-1123.4742920122367,-751.7659893404921,-958.2565279930805
1072.710199711206,2419.772901871239,-721.4755367287037,757.0583750594388,1298.251371084708,29.474140447102663,-403.5478614703503,-484.60478307776407,-953.7630270403514,-110.57889795571404,-130.0240836962012
1129.8806049683767,2823.562978184449,-146.96418964707772,1224.774167457642,950.445991663651,820.6431630116444,38.86134604759612,227.55377882224386,-799.0794253153907,-339.06077209719615,-442.4494069584765
982.486760050541,2654.660388291046,-279.8516173596019,1391.4360445515956,522.2168850919796,624.5623168421969,312.24255754280233,251.21294009880188,-933.7348116720254,-298.77989214003406,-210.24582286228232
9.89558439794542,2160.0534269496247,-816.8358813438527,1458.023923003407,1728.4632053905723,-22.96367131767943,-289.69600247908903,0.16787899310730836,-840.0849549024068,9.817885896586315,-253.92430855531939
341.7633797091652,2741.6542082956153,-148.9315452136612,797.2777583108299,1971.3537777296845,466.20105256792027,-517.8331899634156,-121.32040101935667,-1211.3820021661716,-676.2324505115054,-271.5194331256546
121.45364571115125,830.4985033746069,-1153.555742568236,-772.7873686905107,-550.9579804677928,-22.8254223208055,-127.99372696321818,-615.8825515256839,-588.034257266063,554.4662222723626,151.46071173943017
-474.2559593590283,-324.2218150675863,1112.4246336682927,51.13402216291264,-627.0159362406765,275.33097963945755,213.19821662695568,704.3252405589727,207.35345120883082,584.3665578654095,-361.24050423456924
-12.024287589193335,892.9628710583588,-1279.4042981408722,-569.7983377277666,-504.9119027797751,6.7864826913648,-106.67347929517976,-509.75883622134853,-536.6219107726184,530.8606367313323,80.05054379813083
-256.4753072634622,752.0635891432704,-1186.0540863072952,-620.2584497152516,-577.3103716013974,-290.6066259162429,-198.72688048627603,-523.2536590610235,-527.2308093477251,489.04180786952077,216.7470168118886
-482.9492357746879,-19.73950375376886,996.6670814045428,230.06740158563375,-745.8436923372169,37.22923084235191,251.02132344306034,675.256337447895,247.58219331931554,477.43388951457433,-146.7415103566045
394.5505049289391,989.9760328589454,-1028.360526141696,-645.3772430865088,-675.9871423882055,181.18148254858767,-121.83920940937674,-587.2406334231613,-561.5499091439036,475.4159449460075,55.25130655589133
-216.25494001582973,127.62984699222648,1050.6641575126328,466.80313298912375,-666.02370731626,31.669495835313437,-185.1414060871892,803.6942825739789,356.093111081052,670.2285770759786,-180.76241394739824
-508.4265854694054,825.6405294733804,-1062.6179018133876,-634.8055883857318,-552.8371771993146,-377.09058311396535,92.4935694604681,195.24834599506343,141.15256818385723,770.4159411721823,-282.0424021588614
-175.51938530111912,378.39165584021555,878.4664738656525,122.71414804871401,-368.69033494560733,127.57653841941479,-188.24786820231176,906.0029785182244,67.96421631447566,497.2979160864422,-255.15696467197554
-529.9935982181049,-153.37945689099763,1187.7266141900514,204.87620978638796,-667.0027767929282,-24.27573770093941,72.44535264773377,510.14039550255376,301.3449272456768,623.5995993981612,-447.4562598132635
445.6102826287379,1775.1965224054015,-1686.4171512104156,-1028.569053063452,591.4335156337905,262.98026383225124,-941.7109333015028,46.1481077827988,44.45438807354414,-383.03759618545104,346.15928334200066
819.1838073886711,-315.4832613001236,-1741.2002984071498,-713.5467223350267,135.8494704534782,-163.46787486200589,-1171.917281526757,470.5672347389548,361.4185382165972,-875.5554832173256,75.60626899837098
1186.7315269265714,-262.676841957471,-1419.178688572076,-521.6472507245769,-178.77952560791582,-244.28403845653446,-1065.1106978864873,157.32426067498255,510.3651106488322,-1207.7347003318566,-423.4738269609875
3771.268735736653,492.70597414631874,-668.6392142048355,-1439.1334106176964,874.3770112855336,473.1194104615122,-1563.0793798464094,-143.4999350964331,-111.59966584174936,113.61337809972795,-537.1626123504865
3522.5043293962385,430.996765068936,-765.6628098792884,-1478.848427526193,1034.101017777827,525.1105875507235,-1581.7832048712999,-77.5369424917532,-216.25686117010596,-71.20612765284673,-363.6988471772928
670.1345559977216,1101.0780362842304,-1571.922674067265,-1606.5849503344139,-20.04909029162752,-116.40840612638992,-661.9812800331492,-266.23633354505273,120.6449510199156,206.6805063575578,-18.73532791426542
1019.3684151820564,-580.9993918838455,-1563.1020077740895,-1079.351611571717,-433.1054488104804,-564.4772772143926,-1591.2450034468932,-293.0131437142903,322.2534695620437,-744.5734009521075,771.2228880193171
1173.769017389783,157.7383753440214,-834.1801088325961,25.143124749515213,-1115.0956188863365,-159.6293190842022,-810.1932748658295,831.985936063957,-136.83464648134017,-1392.0184167795699,451.22745000158454
1291.6470454730063,103.59936927034087,-1131.8540369298835,-664.6640608780798,-626.4206005994666,676.8548525366448,-1649.720000228734,284.1721685673258,23.1206857778986,-943.7378797241381,356.8219124128033
89.19552919092223,-771.6518151549338,-1673.0302975076763,-18.2330476732255,-50.186105579140744,-742.5778399141228,-786.9925355986769,133.34756950047944,255.98296788172914,-1118.1358171898048,-166.59993384591974
956.7320994819277,-117.5862941126977,-1155.4514557965683,-942.3142377082077,1246.212875306457,-1251.8497572950425,287.4642572782274,-16.43107259650007,-134.28939564384504,-22.62665418548744,252.63698616782443
397.2485578131844,-928.1105563763782,-1184.7123058486727,-1165.936833509018,1218.3795234404158,-1343.9541374920145,485.36307860460386,-387.6369632460537,-79.24650399534228,-226.02675324923987,414.57281053200586
-402.8926309156503,-749.0763672209891,-932.0960178459798,687.720374409478,337.3085272397638,-902.8355215062694,510.65626955430895,-1017.3614486629498,-15.220557146486025,183.5191702317834,-176.34706120603494
-712.8218235209605,-850.5386616580281,-874.6273589803877,754.1819850452927,214.01985391902093,-711.2237134661721,531.9217091752648,-1119.2718867970818,-92.17023297696919,161.94336849282143,-283.49037276353204
746.9988422701291,-455.6201933750195,-1288.751057678162,-1100.3186769164852,1468.782375500938,-1229.3735142250812,186.8388634937397,-185.82987170864573,60.73343016447448,-239.24512937504656,330.96634241681653
-1289.729582472524,-1612.0484876738985,-1405.8582043524987,-797.4158627300492,-119.50146616285978,429.4604216887155,1203.767063119401,0.38367918342008345,-840.5298956594172,-794.4382621933017,-84.35523814735252
-648.2615446619317,-1695.0552805177479,-1415.5226895345709,-1338.380381255662,-24.756289412064927,-125.5663618089181,1555.3619621305293,464.82290875833695,-1131.225782250882,-706.8225200745037,-4.667497459196111
-1040.4958775332066,-1845.7540123167844,-1571.5475290736456,-982.6684334732518,177.4094609058324,-18.024045520300206,1105.8634250276318,-480.392830227156,-539.984600880822,-517.223657153555,-186.2616752230846
-852.9817230435132,-1746.316147819067,-1361.4100456611432,-1145.1514062542399,-349.90328298963163,-316.82350575998794,1453.9159527933596,-190.06575507361688,-1024.452032978647,-566.5017252715393,-120.73180351672902
-919.7082571092576,-1685.8855580994057,-1353.7369304113108,-1218.149708311421,-385.8051602231194,122.04636593036571,1404.4675351982323,539.2982699732546,-1236.5179555877435,-619.4046009149198,130.67132136977955
2293.3015978926996,-1591.2689340293064,498.93869974547334,-1236.2810076439814,554.013590641879,-306.1605706643605,-1044.0418570745926,44.716001458482566,76.60230700628892,587.1266740165905,976.8479669807327
2124.4364364664516,-1213.2442285644609,973.1138394732864,-1057.7633081242093,331.78915627038526,-460.63311019109176,-796.4938993929782,-10.884466336924358,728.9437692018995,800.7086057739174,733.6969288533523
2234.6110042209634,-982.4048985511388,1347.2075568213104,251.47553213463215,-722.0850961346493,-181.13025821351695,199.4122711985051,857.8844882198568,605.4017303754757,434.2046454693256,240.09118020427522
2345.009321120853,-758.065186744805,972.1899748579445,-994.4222049032064,404.59527958722555,-483.80624844873444,-765.0600635046893,226.97827727714477,996.9594951518624,895.8417067136522,793.4795786413879
2141.0831353890003,-1188.429524138425,1020.9147821059023,-402.0086580025298,-213.0379175286913,-336.81038375160847,-102.65941321246471,302.49620033090264,1141.530464997276,726.3524009278918,-210.67475654403194
2397.474838064605,-1390.6927521195785,567.2010423659949,19.66931569790919,-141.7231197533043,71.78261777435256,-43.6103906050956,1006.8285885176069,585.2260341920777,597.5020170921872,-33.87249668079737
2491.784681163224,-1324.4954149873963,468.97941840888376,-489.1521017009802,344.45874029397385,87.51695549675854,-1087.6876292864629,728.0873624603602,608.8623819875276,465.612558215523,312.6540669933131
2278.6320368478187,-1081.661805219193,1161.8509630144463,65.88444320469539,-720.6464758381877,-313.44377258183437,149.10533463334698,716.2024193371882,846.205192048089,718.223793249183,-82.99138572365585
2155.571768143468,-1759.7418954583015,490.54136869048045,-558.265681253523,507.31165150363074,-149.55715179551615,-589.2627251884451,348.29444463189475,632.6384194197866,608.8402913297181,51.34897205643362
1991.6202577994047,-1961.5271924215415,737.1969291128732,67.80792745903925,-348.8996408676534,-24.669514473683094,231.234282011016,364.863920510294,657.2832780968243,9.000128852476507,-289.6157234708672
2073.685844820319,1486.6649227783212,-1217.6354035762483,-6.393422950925629,-832.2603047589823,-677.6418637594169,533.1609602113211,54.90755395177253,-509.2078655831026,-227.47546657887014,191.29683997137494
2302.377294833467,1611.486987829997,-900.0609511717628,-145.444371901425,-937.7467567352236,-594.2552052295758,359.16356336867676,8.63021666776709,-542.7746983292175,-274.60546524664096,202.1668320219004
2768.9763980047774,1707.0909702018748,-679.864034310448,-542.7508795374862,-1161.4655926446926,-246.80984121468092,123.17270269342337,-355.4727858445917,-599.6001526868934,-186.05986630106756,20.50183757310466
2493.636423589458,1234.1700574515935,-1417.5144187161106,-285.5315494794702,-1382.4535027481495,318.8664629550203,152.90751291888716,-210.43574779592745,-890.0755865549002,324.5407486191219,198.36297079720646
2490.3081542508003,1226.8302506975883,-1512.331878607534,-180.2781622914146,-1219.4254396520182,560.3743912161489,25.596074728985464,-289.2657583487705,-829.197156001217,310.69707696389185,63.96851433327383
2240.4955009403034,2010.5563079015549,-424.4229720712972,156.35989270175412,-640.6133554915078,192.35044426514875,-190.85940595204002,-215.4266840811021,-613.6858831529573,-729.9131733994177,-176.427642049581
2195.5873234496826,1501.3521619482854,-1114.5213395323367,287.3032866342936,-1400.2768470267602,760.2762512028826,-79.64941789791415,47.82712239190413,-736.8695340234586,-250.14239890159126,175.1479327815419
2386.417608122188,1382.5787879043824,-1137.537267785092,-152.99649870632848,-634.4478373520556,1331.328205559539,-279.00222900963416,-398.47552796054515,-605.5501482458355,-194.9217251428014,-230.43919727874749
1024.0630605144256,574.3336506796387,-1993.2232870396442,543.6427373334849,646.7685110650036,466.659336356361,-163.65619050508676,302.90506151493435,-213.04520738214921,420.0426542741009,-109.03213471797058
1744.8926237661506,1626.4730745443171,-1014.3009086411209,765.9682361122814,-676.2033752341957,-338.5443937977029,373.61238183360274,322.36218198667893,-561.7389988247563,-476.92316343438983,191.0421717986605
-2664.152529351675,-333.6044993559611,-121.96885294336059,-262.36273167662347,254.63074740311023,-345.41968355381636,-1017.2386694267975,325.8479550024024,580.9487301308941,577.4420144172889,1226.8692680094703
-2792.7737753132724,-385.1533958059548,-21.437399840718918,-287.57746873002213,329.39797610341793,-140.76463439227226,-1033.6843983546846,359.5054171165642,770.7278442259814,671.6500243621982,1061.6728851114274
-2507.307257790745,-57.465984798892,-388.4737604001611,-52.837795321814426,447.78589820346735,-308.9209511662096,-923.1566714227522,645.779271648991,579.6236670496136,276.7863991995354,952.2899844558979
-1947.169097367826,-213.21844814840813,-467.7044103342404,-430.99858448316064,740.6133222426524,526.1276976490228,-398.51725734869837,1231.1058532637178,75.89965601599404,883.7691432852243,783.0798614161428
-744.9881949852473,-1038.0186095313468,-1144.960009439549,-889.5470522381605,1714.3210069721342,-1100.1619381787627,-782.3079640126152,1304.538035232587,-248.70496713854757,-334.51679633129817,519.6308202864946
-2065.372180883628,-166.4173423140858,-275.0566493141714,-616.4374549682603,819.3787058803616,629.9123582298423,-485.4145706514691,1200.7802619499355,155.99077756524426,772.1586407788469,865.253865778323
-1290.2702851708561,-1523.018459983222,-712.0194441746986,-632.4067994571842,1662.6591013267855,-646.6459503435649,-607.4667988910492,1273.9210879676,11.795929813140262,-244.99357013648574,484.5468094984445
-2108.0469395990817,-1747.8213349522996,-279.6758321689902,-644.6379177893691,1405.8565797734404,-484.55372852302446,-396.33540000884307,514.0189463062544,156.84351572606826,-358.8453643336706,-383.1921533475325
-1452.0027548381206,-1998.2609993768647,-530.3336610701381,-862.386173948335,1517.339761911537,-791.0126606973795,-546.4541507034957,710.0661758730881,-52.80304742845527,-408.41724710852935,-103.89356459981786
-2754.636945946765,-117.02625368566467,-16.38248802358832,-381.82401142987106,413.67231691008925,-198.48238817999857,-981.4745299984995,154.94133215616222,489.8114111882314,306.3685350597191,1144.8019702291635
-2056.847347837208,70.033999777789,670.1384136385418,-453.7546730909741,563.8317234739696,-316.4586691926052,398.6931106040605,-821.0378928177305,316.91991067548787,148.57541077368995,-189.9503344828769
-2268.519499603911,418.82205510953565,912.5742048540927,111.59587212893275,135.44926054403058,138.06225288017814,821.7948206855423,-198.36871361029432,136.44445104179644,-205.99215580027118,-376.51933315552765
-2414.4475487032337,498.44524609557544,1208.2055965085729,4.30185903521714,224.00448550343035,349.03063282633144,513.5451458499113,-369.9602588910668,305.9243713057209,-26.50072521083075,-391.9290979730974
-1607.8702399384842,-465.4581004012327,635.2263009585391,-547.1014708579643,933.4440101278109,-393.99468909813436,343.94666619752775,15.386606864835947,-22.063495229661964,19.83297768043879,-715.1629950776959
-1742.3324100550149,-710.2806394704401,579.0281199677775,-656.8724208647552,894.3127318185117,-120.61074279983096,193.77864856608508,-330.66861030593896,-88.06558751862332,-86.12972502839483,-472.8414560058334
-1544.0167148772566,-370.66414493946314,644.6271450335945,-906.0607916125455,1163.9181914776223,-528.8415725584948,187.8160979256434,81.04186170106061,-243.62365261978104,-46.3863313573479,-264.46837197174005
-1661.3670630522774,-805.478265717298,355.6605574364737,-416.4930421306772,435.1555143939602,194.7463224003288,926.4411136050811,-3.6188029428304986,-387.4429384356657,-573.3145115848005,-425.098279535702
-2130.920559127345,-187.9073979152482,801.790895557931,-684.2487516309834,609.049475527971,222.9595595619372,564.9382756264341,412.302875936649,-35.9445671956378,-103.07499952756933,-182.5001400089327
-1840.107121951479,-165.02315605160396,787.8969879016779,-749.0089671341253,871.8174126519928,-150.84490339362048,79.4403181522314,194.25049165769548,53.431765248792594,263.6171466038024,-382.4946435943074
-1776.116231904487,-434.02562225992676,782.5869520894971,-464.1433421835934,720.6828594520433,-93.54560978431661,746.2614852275323,368.90437961435396,-224.99259259369052,-172.75559305443633,-585.1919765377502
-1873.9793596278748,2570.7016324017063,-65.19512204790612,148.6153779191224,268.7013558664577,-71.41545829232382,290.8467557028558,252.52584311833968,69.13996162161953,146.13472246378316,537.2098231075493
-1523.2477826331583,2817.713395528702,256.70172144641816,104.70592327716223,41.01612398833759,91.37001625969063,348.511039418956,336.883172201072,129.9827698752108,-131.9077766941203,354.4079507361197
-1960.159028686302,2210.2437584008126,-68.0838700908032,161.04613621566187,372.8809401124343,-406.9372952505008,268.3026782722563,293.7726273023869,206.12829456132164,49.506196111433376,481.34861344817756
-1695.746770972124,2564.963314641669,60.3045967493079,-37.95613997577633,310.4563346699557,553.4247982689401,84.25261596452603,-219.71080530537049,-180.8515750320377,-150.49168189627594,484.06157628668933
-1226.1450649072806,2756.374665569785,72.18883650810486,-201.8856944524357,95.71150710218272,274.0030142402126,173.15386240779412,253.7792921542336,153.37730050233745,-160.43140828654438,395.35813465770525
-2467.242783707351,2442.2484912347045,158.9224407061268,367.26527421373896,161.24053514156958,418.39756345918784,851.9490150444204,423.69280785464036,147.05414700604064,79.37248167904383,276.19775899626546
-2262.737999912638,2132.978937236012,-86.29200011371952,93.47251603555746,617.4307816630678,-140.49779767131855,238.19163097522926,383.8071869870096,135.28892094904603,179.8907085376193,374.7372554105978
-1994.4661689450647,2612.1672409132493,47.31672942103871,255.9471432446417,489.8475273071131,-13.41547960121489,103.93497719331572,476.88478648036,168.50014357289828,109.07941656521999,225.009566841663
-1855.7762884843326,2806.4573231848285,29.810783549628404,196.03646249676163,372.92617078077006,392.09159906384014,190.42339537617173,233.99969667618925,134.12682914186755,51.28955523639685,334.5738760190124
-1521.3902679214273,3102.1319543647137,442.00636530348265,90.20865964749373,83.75226144484837,497.1607904622849,102.17074461403982,402.62297542748956,-10.017015992194064,-109.72996208818202,11.942494030562493
-1265.25913733445,-2005.0502932303873,175.2531441055566,1073.312248378974,-44.538039277298985,398.30684937644173,362.6542765639449,-135.46732960452718,-389.7552517852336,417.7579528573546,-624.9560192717877
-1247.8708180226713,-2194.242396979703,-109.15548655181937,-516.3590903583189,850.3907015442282,-95.58007851481429,-136.1135374007084,-791.9379357485476,-559.6695606582025,295.7360396869965,511.4728557990088
-1904.9767178706318,-1142.1868081531716,919.2448743025395,-444.0010506330873,-449.718909631894,675.8486970348843,-614.2610337448878,-1347.9203683279577,-610.9126034313716,316.0835990872721,219.11553108179208
-1704.477713635148,-833.0573430151013,1275.3412612190211,300.2381534245674,-1097.1299191605913,571.1713201313844,272.39050229169834,-369.0991333694184,-976.5240889402828,-28.047786409347037,574.7411689586702
-1941.6242612730775,-1108.974900192439,874.4248774861629,-606.127209994228,-281.9584182374077,691.2207220895306,-689.6903502270594,-1260.7350466716236,-735.1438154915907,221.82386719713807,610.0471891985624
-1589.358389195991,-1005.1385022403274,1133.3798907074313,386.6713065412506,-961.734387847741,503.5944355790724,416.19540077268414,-211.33241045021842,-895.3722994182173,81.86613593537717,362.137971178362
-1600.6279730926703,-1006.8087310501355,600.769209845237,117.54400327526884,-876.5052917547345,179.70497713253766,498.8250176079352,-659.7727364693948,-630.6753213748298,190.7768885027796,-185.00831631094238
-1505.9002400636168,-2123.1560318807306,87.01015237072951,-697.5929330804782,831.4773473857479,251.18120194260933,-100.82886317490109,-953.7421881510058,-675.1867712927811,200.99281606815538,571.419361642504
-1270.0693005448802,-1666.8290481809217,373.25420508575803,1139.0757152787999,-477.0338453044288,508.5677333694833,628.5207686869834,10.963716697640033,-925.2165931665168,-56.212589680469925,202.35729498553025
-1000.6441325338427,-1787.0234583723645,-61.46917686461233,1019.5225106157014,44.967206742490276,292.3802511879051,808.401515769496,219.51636956794613,-634.5037562356827,143.54729802444413,-351.91256943592714
-949.4627116771521,11.420887526475969,-1896.8996260128545,-976.987863621691,-634.6563958087838,225.74243246763362,74.83819175662974,358.36854507178117,970.1211099849933,-589.7546915639844,86.98121314985458
-1018.1239992260548,60.59635463702916,-1813.63646350118,-1207.0814155514327,-387.603576464385,239.1891432131619,64.59797844641716,444.42333019738714,757.8926242739878,-625.7972680309749,-156.6444615342105
-1496.076906409453,-0.9242674726997127,-1214.6035949191767,-1840.2823138239914,513.8104700699838,502.74125771694605,856.8046752410984,1252.960524733943,417.45945874587346,-1478.8726650742226,239.80545125314188
-572.6810592997904,364.2105397291271,-1546.1830284580788,-2222.883186372006,849.3292700619808,556.2054049284133,255.57473923035644,946.0858347552785,286.9530388013983,-795.5570242910212,464.4969614643798
-826.9588070668021,1112.120531493281,-1491.741666947036,105.0850928600043,-836.5926971044133,578.0313119970484,-528.000852548819,283.4996757700852,759.9776787590774,-8.195777067298812,256.52108679376914
-1240.127420055193,160.14577181269843,-1618.9171369805692,-1202.9257367379578,-758.4007526007065,85.63749066560031,79.86371363845902,639.8907185909725,499.94015402461906,-772.0479613532523,-335.6664099000673
-447.13931552555766,238.0965585463127,-1809.2337977956486,-1218.9962298327634,-848.97748783492,500.45701919868867,82.90466982092293,684.080502968573,578.3960140511209,-738.1586166761978,215.28338310388366
-1632.4056084760762,-44.72613256373472,-1432.377676774719,-1072.4643073181762,-1133.0387702890566,-120.96129738784819,106.97381375925139,57.68143812227539,344.6778955705439,-986.0354351998819,-509.43052274906825
-1599.3535873050778,136.92398896954873,-1488.2433413045803,-2228.4518626281956,1096.1444658338505,42.88882853124317,432.24846088541955,593.4959500233033,906.594099588737,-937.5927101457579,218.8791581732596
-1456.4854017510715,405.50221707977727,-1408.4096904578412,-1826.3553638244814,878.7589085372755,218.14946280539826,185.94697464249447,825.1572228175509,763.758973452396,-1008.0963662153525,-38.148095877782104
436.8665832246684,-1106.2084775593028,949.3878493563064,701.9121872158324,112.40812903124213,-1480.9756119947244,-500.28711040556135,-99.92674454231324,-221.73194311575463,274.27934906754206,-369.234743488957
767.8655061492761,-616.0660950495596,817.9758681735312,294.80413130159053,-70.82986793412115,-1453.079537815403,-1135.0503852777006,-218.25752303027588,-53.74992747376463,204.06811210376563,539.9534866968467
829.2872427932426,-1187.8497928195316,642.4633050968246,490.8262556149456,236.8791332238887,-1522.3716534109035,-475.1953890922914,-170.30545467153848,-193.85081117618637,-144.19024339555503,-171.18700953373227
1100.6494969029486,582.5089537881113,1623.3637344032009,897.8700524472918,-974.6484909363336,-613.9690937289088,107.3662013204331,723.2923483951599,-94.37932794445857,-258.417622574103,476.3263846916261
1319.1539991936347,705.0153985386169,1688.5529396788588,757.4809388274384,-1138.9865229108,-504.34180238183103,466.44211903554606,327.5547431935413,-241.0343346043403,-433.8590438556594,714.6262767335705
928.0681967568355,-445.14166694014045,948.4218831019961,734.1939654052294,-254.51664896474614,-1540.7354407382231,-712.4799803151349,-193.23184356556428,329.36902873245344,309.96587866913364,5.254094393045127
1012.0168553424269,-825.8124331758177,650.786889973788,780.1861056911091,-165.86024250628617,-1560.7850441601222,-310.1736336828804,125.41643347718471,-190.75887282527017,-114.01984551549094,-293.46051874084327
1373.1739945402987,-109.17114672392574,1073.9665856901938,737.5716215099867,-673.4611697047002,-290.9205354248904,597.4015989028658,833.5434826960907,-675.3932493691412,-623.4533761544278,309.97141655692735
1016.4019695385605,-27.459901125671323,1002.1581816149801,903.1189901769492,-631.5162492704266,-1451.403230779593,-393.2420280848256,-18.99363977394097,197.00037133954058,208.8929509876061,-92.35402890384248
774.6281391036235,-1039.272867731651,601.7329091041955,504.9759887583103,229.7512955721894,-1681.8292470219817,-935.1052670077075,-293.28739963400756,-119.77235286421732,-51.80892973238538,-89.93788418509665
1891.921559012656,450.65878134635767,1057.5904333534709,946.4965570494476,811.0680770675116,-373.22024010788465,727.1197433569439,-416.539673384605,122.63851596454907,1008.7770693006108,-310.06430292528097
1848.5956566533089,-240.37164583295865,1369.3016947239764,1082.774448058472,47.25527848898582,-409.2234467385874,875.8148507106739,-779.4201016441032,-272.74797975953135,177.76676159286797,42.0888633969733
1880.1879742769163,-31.67793139109278,826.2722191566501,864.2755180610997,716.8092409033829,-396.5084337790809,201.46026558927582,-710.4467127040044,697.5728709813949,501.0486576035071,-96.9172581372079
1432.1857633112602,126.87237325356381,1545.8074781607786,39.288930396341485,1618.629894821545,-628.8605299900979,304.9022147095909,-691.9283137018542,-425.0596669289981,553.1442838224378,287.60227834600533
1219.8080846566954,398.87254067342144,1586.4144153057025,-190.27896096355045,1792.871571431678,-817.2004196943283,-11.092732887112078,-551.8348167409101,-437.65663255168346,257.64482280269647,568.2820998661743
1717.3829797374403,-388.0306029202442,763.2647801274784,580.302198305366,1149.3503758704153,-363.71747047318286,483.83169334658913,-453.3472122450167,-317.04460047359566,412.71156644468147,-415.24811390268445
2275.413462741752,144.87531567350902,613.1138142024109,799.9150417366574,493.1767319360951,418.34927839131734,306.91884045897865,503.1026038289054,-906.16671775893,506.9507461523859,259.6124137124354
1184.5391273821836,-727.5758622242629,1184.4422631135697,-356.2623588855368,1849.549739903406,-483.26251729709674,210.3645752095128,-727.7910037057443,-820.7855114166388,422.75983516897975,249.3797946462782
1220.6496499801112,-582.8186519800288,1100.9326344778885,466.3512121379983,1469.8142324839705,-280.08404657946545,405.8354704187789,-707.4925587574793,-357.67599596672994,267.55033339843715,-455.1029983972382
1099.5340450154304,-715.4925378873492,1216.772538081104,-434.349102448416,1883.411189884575,-520.7981488900871,226.14930141781295,-746.5382487455242,-859.2685463472925,123.7624763491417,269.63180777630487
1952.0019811902246,1571.2713639182753,-1244.9778692092261,715.3909954297573,-595.9880510119978,-673.3548346455614,-682.6849276557865,-389.04951267745514,522.6401229569769,-786.2052134526729,-119.43276687294599
2325.306869135275,1486.1994977529182,-1213.2022728730951,-66.97637431080145,-793.7742953650719,-496.5036311051639,-865.3265984015613,-616.6804816849161,658.5755986630551,-332.10158554321595,76.34088356461156
2290.7306905036003,1416.4812502844738,-1371.5240731749195,202.59280599957444,-725.2403050600228,-535.0437437681352,-674.53647108837,-531.5252149099601,421.67470993154416,-358.9088591899858,36.92301522530566
2171.6942701152398,1392.487897491716,-1377.0751805321424,433.0498224436438,-722.365643233502,-790.7574065633,-648.1948789661516,-572.1008191305887,633.1162830695309,-596.8024468610217,29.66105767428408
1964.6430963125742,1334.533920014573,-1469.8099825919965,583.5682484420952,-509.1754472013826,-972.455953631017,-859.3282104960324,-797.0974286367835,659.7594443129018,-574.8959083851591,-88.26038195609868
130.89791362304965,432.70073729811736,-1905.1107651328175,1482.6747530042232,641.1617309535708,-985.5027302017024,-369.06042837093787,-524.1805936442662,471.6588493225021,-474.730042144649,-60.487032809857865
-464.7943922645842,268.5341756729382,-1558.2827618807164,1899.6454378888923,-365.553067978925,-1522.2485158277439,191.55608416441223,-282.30166889625303,-140.19438317452912,-210.61277285108213,-243.99504981693565
198.36520270640563,557.3373989550847,-1908.4014421818924,1656.1646859312996,169.38717526654293,-1199.0135532149952,-327.2333165898064,-243.48347502182207,450.06151083573747,-504.64182393552164,-0.3323840780085696
684.5872686240875,844.1587223087054,-1836.7670945608131,1420.9607253322345,159.42558823226162,-928.5841023352806,-455.01192095775565,-151.58557908537318,581.6234885352779,-699.2294952625039,16.13289069671529
1372.7535155009475,1599.0873671347015,-1456.067316641603,1383.7734874263676,-274.50617741323964,-415.867967995733,-792.6850584272719,-0.5309704177365333,179.4027839648275,-727.6051028701257,-67.73111278561143
1969.9291571148751,1597.0699641521912,1348.5016640132685,644.6849800647368,1498.8192961013692,1242.0154776971603,-416.69851499801837,585.4845390273084,-419.15192160432866,254.46771080604893,-245.67703337064862
1312.0624969437908,1601.5777844332586,-830.6872399582105,-211.17124539948307,548.6157328492336,13.607992554099066,294.0817944587437,-572.6522077286953,-927.124506930543,961.595658354231,519.0008760192106
1603.2666627535475,1583.6795140195236,1433.1401631531492,1047.8641222418685,1424.2322479934253,982.4094020436185,-559.3143489505123,504.5728172383542,-397.2854769283557,78.68960823290693,-19.488255038319643
1105.9492663425876,1872.8997596580623,-163.40724899965815,136.78521457107198,-87.38595501210438,470.5139231856632,719.2640882324547,-115.45430461236988,-1240.0774352885987,352.6800207023469,-184.9559927983344
1444.1551911933427,1881.8710376181477,-623.8364275809013,-111.4639888930636,384.40427914203735,272.29567671318307,490.39002171317674,-509.6552601846816,-1061.012788689355,889.8502797014592,444.4565210593848
1624.2010883360301,1500.259898568441,1370.3157991440914,743.175402473354,1685.6304082032073,1002.1512106363546,-534.9234440961231,623.374416843919,-442.75220264712385,300.57998938607153,-111.28917736605922
1483.5446066646446,1759.4450045483038,-617.226998451456,-3.4814807876009075,222.73886165656282,194.95198522325188,801.1058408277893,-117.94070834818065,-698.260711947698,902.8451198179163,330.6422759050746
1766.871988020168,915.9544251399507,963.4639996289901,-530.6856637814789,2518.655558363516,600.8513317419224,-473.75193733083535,-122.07442910435374,-253.077540344172,-30.866803426260816,684.2266444101228
1368.2668087254738,1094.9587683668983,-505.7681483690601,-298.5457539566218,717.5338062528579,-642.0859562282717,606.7891665302207,-373.8957777430296,-162.6741462924068,644.1846922556938,738.603410002521
2197.2722704930266,1723.262111922191,1284.4469812040284,971.6028818883266,666.6168126338621,891.2456321705315,-373.4551726896484,55.207046247092535,-210.63491719185743,-169.91135010894038,105.11778550858459
-2974.8385983707662,823.8755111413765,917.5736524582029,-36.89027523107636,-45.29954924322056,829.3530766576697,-27.559342637028127,-264.28511928461177,857.8293145631742,222.15040479846868,522.4372102005173
-2962.2625790197108,682.2621592689641,1025.0567855435932,-274.41735709005076,222.05193588933258,810.5729613123472,-48.63778824850826,-276.7013522927101,1035.3185342225397,198.81648539488475,731.323363794813
-2986.816925132045,1100.283894820378,903.7894534201664,-3.300325819912338,-160.9860042000142,770.9654256174514,-37.289473433451455,-10.28283413110313,767.5521679255854,-8.899086959714447,710.274353498173
-2452.758103857875,-342.4942031425913,366.6273623749975,-455.89857150306614,544.0745291367967,840.1418438188554,17.065771344746874,258.6717107521105,388.5934349329223,230.57749206627278,498.9478324145968
-1905.5026066240193,-193.78869901802204,352.19126858063754,36.30656909577933,412.60357377664633,1042.5114220411,98.25675215051739,884.5426219889637,-10.112106319266838,155.17596360564195,901.0826127187645
-1616.5898512654362,-188.5511319537682,160.8512242557789,110.54207881706125,436.27682248584426,945.4441310287269,95.9793810333906,964.3210013397561,10.62110401404988,288.23751652700565,692.7777200438325
-2167.0954815330774,-393.1340796992735,319.76435359908453,-125.34193434567767,413.23955892491796,896.0703550316189,165.9276042609844,595.7105346623094,244.11083328799657,273.69430987774325,538.8764749472457
-2405.218143959934,-250.8971106110603,614.682881900973,248.6782498083673,-134.85015766686618,1078.7053197135913,294.18100769525654,547.0516619158309,-134.41159121472103,-213.51615906985424,1016.9601853537896
-3305.6313371641295,1574.225957277432,1087.3805893442357,102.87938381732724,-518.9857252995151,826.0672351155231,36.80098606193875,-103.19189163821554,385.68996298872844,-251.26650853518828,1135.7127524044656
-2596.252648480922,1148.2884874129172,480.93036495891425,-74.48341128838197,129.25510247386234,871.3901083681998,-212.83107858236147,477.10207076007464,702.5322136354803,444.40240478000044,779.1427060589798
-2264.3442524917486,-359.6217249692383,-90.00288284823294,179.57016602009244,-318.9787762482229,-1184.877976912179,-434.3573563395343,-89.8982638999982,242.46014971032366,104.63220857767445,-281.690180504386
-2728.647344007355,115.96587142870169,196.8696641134504,156.5233724098203,-811.6617586784688,-1092.534916625708,-206.34717311744734,-383.2333435623458,572.4837364872734,-25.556180535461593,-295.13283839883616
-2650.6227561124833,-486.36867072962735,273.0567963988228,365.0987175518844,-637.7087966252827,-708.3443992494698,-626.1947659667348,-430.39689027938005,93.81873663805659,33.55570725018154,-242.35939161606265
-2850.093577553049,473.86823166921994,251.92977162028154,149.01724967029747,-1287.222896844028,-764.3150232859373,670.1602038778483,-198.64191072449336,-110.672896626556,-565.6376745354808,70.03495035483475
-3040.868387734898,640.9134224905997,743.6121849503418,287.35327231706776,-1384.0973872094953,-563.833331436078,649.5712532180924,66.22580791960227,-256.5229244915846,-464.4232091878608,363.6231697846911
-2288.5598136884287,-688.8237635346154,-171.17555302418697,77.5543699494784,-219.53441048112094,-813.2017075725714,206.81239654788124,96.06360807754604,332.6903795260018,-136.21508329281787,-302.2597858184989
-3232.781860535718,-23.684010960936323,380.9522349523173,-248.19128846541048,-1161.2404295900974,-470.32482803943634,279.91891492026656,-508.0025387985359,-35.11950925968024,-432.8026555064485,-29.654085377386085
-2732.414148077594,351.5730339611542,157.08452703338023,-137.3179213079456,-925.7767911726302,-1146.1262274091878,415.72981053226783,-72.94594455148022,258.33294400603825,-318.0055410142863,-254.18680244145966
-2640.3970496469956,-895.3603133511464,-53.44467876173511,-464.2614709374767,-8.71084636123707,-422.2543836952283,341.28344606713887,-228.78202244156236,89.32871762417153,-318.8660908428296,-152.07082540407788
-2274.503513992831,-251.43301989869906,-61.54009273935155,437.34413165430834,-689.6279885047685,-1104.0958009557855,-26.925750201879943,-97.32500448656573,264.0546779537131,-75.83857993105256,-522.6768100318117
-2113.5237687321433,-357.8678130934312,804.8128981661939,55.039695118819175,630.8968006512113,-1126.8829206461885,613.4959326306443,217.08493850305288,-941.7386362377024,-244.76035180353097,-399.78112778322355
-840.4446911596362,1400.2964783404157,-200.18773611742904,-1053.2540672260307,-1665.6808137840708,-1785.7234462342137,1346.8379327684393,-31.97744924683737,-149.37435796221507,599.4466827732399,486.7288743255452
89.58470275498777,1942.9191694234391,111.58445882787707,-1496.8912626676886,-1750.020622372919,-1099.4242665966435,1148.356133417085,-73.2746806908396,-263.97198565220083,582.1183419075692,380.9338647925425
77.2500432479202,2001.0596536829041,306.1958087111965,-1527.8777993273561,-1777.7797680703068,-1178.6604932260732,1138.6586228168085,-0.7990457788094831,-121.02884274015312,576.5828419522682,505.7482950317963
374.90475854764895,1978.7640289788892,546.4436111262056,-1645.2990970834219,-1754.4292636435946,-765.4327634587889,954.4462068604437,-83.29872630911852,-68.26019434425979,669.6400102783774,474.3798214777534
-960.4949643920519,649.3276796893514,382.11886635464305,44.469664809560285,406.9881912129918,-1645.0560339680928,864.6300241490851,483.6474888214967,-669.8963565917641,-217.98432968830102,-231.28932382262212
-2436.232869871199,-200.33997210474087,857.8772875302869,-48.489123386096516,278.5047027008484,-889.8710405504366,278.2211121579912,-351.99444803569367,-491.9877010716682,61.26503838816725,-625.082883140152
-1602.6513796820686,92.26846460101734,600.138538303681,68.19075118387707,706.4172862115543,-1506.786128330136,633.4286547524579,487.97258705199636,-923.9837247068658,-353.92414567807805,-328.3615479406351
-2019.424148188851,-428.65874844410155,582.4162243860761,94.08138768484272,496.69411263425206,-1175.8407584337913,466.38613329195147,-274.8846892922461,-618.9401052064946,-299.41077209086757,-347.6301665885532
41.21382638901059,1898.8699888059043,170.61845871524238,-1404.3430260225916,-1714.000333780402,-1054.0748015924385,964.5413339563772,-62.521266373591686,-191.6976766788694,712.4512245887327,647.1404549975616
2238.5267284325464,-239.88321178410607,-579.2886738211638,-642.0718041025133,-1372.3573246384587,-34.420228903264324,310.35582894789485,-541.1340460783965,148.79907277009573,1261.3239504259025,801.0139001923923
2539.9064990639945,652.0572289884046,-286.25967064364295,-350.5333171632328,-1910.3491325787797,151.35579085249995,335.96546784761875,-588.7918773320097,36.821659041346194,1009.4613695704501,1162.1431541295526
2383.6387185371896,692.2098560717932,-105.94207575395126,-230.64334859224869,-1849.3583694038227,-191.95354318830044,315.5605961548227,-519.0637697063819,275.0094879414239,1261.138044717965,1069.9102871096939
2405.0985658558748,295.3914394442271,-440.7076996782659,-652.4837715247421,-2311.4322881582802,54.23913638859161,361.7312021795795,-825.2449267744877,-339.55194841872634,722.7499565323183,715.9142833323742
1772.8726192299716,137.3268051252336,-766.8422568414312,-293.12707148673,-1581.5135794521843,-489.44758738720054,283.892064633122,-852.5412302171538,208.164813755452,1476.463175442018,745.5700905759527
1338.1237127511376,107.69668267624962,-1225.58362892167,190.36859327781843,-877.9243072095213,122.44847965591826,286.7330640310532,-851.5528045959252,114.37382923719245,1059.1169903199132,125.60001769308778
524.8638605340069,-143.58976351338066,-935.7217912478825,-682.697552575317,-104.44663154451155,173.23749285371636,-102.16052230369957,-1112.300367671475,161.42736123023172,821.4606450402465,602.9780311776224
2063.5292915575296,391.9661323233294,-806.0440836759655,-20.636735717080523,-1299.7948123931988,321.7758806826278,650.3097537606626,-544.0975038267648,231.17356341647292,945.3748282382088,619.4640521635232
1595.2618459247562,171.34322198063182,-1134.3957903723451,-129.73420430836495,-805.2397943546001,80.60375667088181,647.7963979628364,-826.6988862598876,621.9383819259721,1337.1214077894388,241.92356353518488
1088.314651491094,375.0382770623363,-1274.0998204493692,173.04145628967208,-731.5506464221079,140.3659250182209,563.7692289318339,-731.8179409602998,134.30371443225152,974.59382803579,178.64721848501597
-3035.178060490829,1080.577756639834,808.6306842547937,-1096.8080095862344,-220.88279867280602,248.16110520258644,-586.2763307606757,487.5892383499026,655.3756755582733,213.84116753417774,-460.36583801634015
-3138.1929641137813,1319.196384346748,789.2375693698391,-547.7802558826515,-936.2323480900566,286.8568471470365,-1057.3149323634616,-155.86466821518422,827.1055019066748,-14.071140505528884,-645.7256094888238
-3204.9192571701465,1177.1246915295064,872.5485171494723,-890.731742783096,-634.0611377454106,275.0156279467934,-1160.9437490553034,-11.154648018878056,954.9877492697724,-21.220994332373582,-559.2986491445862
-3089.4825617859647,1321.3389915109808,930.9338701191532,-467.4481050058281,-1015.585154879008,421.39824599223545,-1141.6159871118737,-221.229550218676,731.0611921703154,-31.996625263046745,-500.5126921374379
-2887.008318326677,344.6920010771593,-72.24568752766893,-1627.1329276380204,250.1056618426022,34.822613200410764,-807.7700094605116,198.2566913122937,165.12561182106552,262.55502300502786,-401.3589910666596
-2588.2911485327077,128.97445602594604,261.8766901754014,-1523.515806303345,8.434006976684952,130.864060808871,186.0571216922293,660.8957040297413,-445.5325072005532,297.5366737599866,-311.4071811045972
-3129.0682689378878,393.0836265117603,125.73332166089997,-1357.9061829464608,-184.7458931175837,244.63105651957255,-824.1992712005127,184.5192530394423,150.2916731226403,29.444224094887613,-891.0918854146064
-2799.091945201072,434.1581414322779,-43.348987474973654,-705.9589178425169,-1049.4013567969057,303.14172750853817,-668.5309529058509,-161.57682464143593,321.98957175278247,197.34215129650585,-523.1561465854829
-2774.644176228188,254.87358973204672,21.45164021992354,-1530.864433007918,312.4615760959496,104.21164622243221,-440.87767875041646,553.0141385954084,68.17797492653867,198.78610876200975,-504.41013088030786
-3131.8933437248206,1353.4773668173125,801.0739694636766,-623.8698938512715,-987.2692513631433,228.8237878674707,-1098.8785884165975,-60.954104668685304,872.6322933998473,48.67749981099722,-651.9628443162406
-728.109238573407,3086.429356241403,604.8687941556839,-1493.0006432403036,-1090.3926844725356,-611.1797909866259,-178.21485761745365,-146.31801411339222,-214.0931505566164,-91.12166445015687,-551.7193372238098
-646.1117776638179,2925.1271430871793,522.2927532356158,-1514.2178607991436,-1154.3095988610994,-528.7126871350341,-228.70096643605444,-445.1604762517188,-138.77812558712702,39.67491309450541,-521.7504521148601
-501.82751795680997,2848.0968598095646,528.4360522163561,-1535.1449609304282,-1105.3697061372343,-435.84563524670966,-302.1749847934503,-484.12205817254744,-109.75645139137764,44.272209919229404,-472.56753177960286
-529.0839095754261,3227.8196985585264,859.6822158759763,-1705.234243308242,-535.4667990943286,-841.4164773673483,-76.39327283706137,111.7769549588457,-97.16462503737867,-79.18899259304418,-378.8313134956263
-363.09774416164987,3652.305993193163,1424.0977942601146,-1903.8565035737865,-459.13756277091056,-748.6974808076507,-132.9008485729745,19.284921058054923,-57.218698955586234,10.84975045484101,-461.8573266194283
-1063.325581448028,3067.7646552197425,114.03781587630343,-1246.63777498959,-934.1768541357327,-842.6132108629699,-360.7758056797304,-88.97236731277432,-450.1911637622621,-169.3280088728116,-517.3400064314196
-253.91381267730293,3699.8792705145697,1658.1777406082572,-1825.416680508041,-340.55668233214595,-723.7957049245559,75.69838976538874,114.96062716944047,56.029388201577795,-79.91801203169626,-507.1807729945689
-1283.7478976381392,2958.763594612997,-151.7479656161387,-960.5668064766071,-914.2967445815648,-996.5494512896547,-161.74481043641407,28.95378477586031,-450.27145402775676,-162.59489382807652,-437.72171002664294
-1514.1328764839918,2757.3891153481495,-398.9469934015378,-932.402893628654,-786.8682761097845,-1147.0607897984362,-200.6878853765111,13.616738420533178,-501.48861139637427,-46.613746397865505,-291.77561045472777
-1576.1410168082082,2758.3070070060335,-356.07041107015465,-910.8619280592156,-795.8806159309977,-1278.8268169658734,-158.39591384458413,121.05946158302088,-569.9940929112493,-57.09734495735694,-248.56625768713974
-365.3133661572821,-495.8391362403267,2088.8082509603705,-85.9718866853187,-860.6522273702152,-23.30695202140913,438.2344432524983,-1001.8643764379299,452.6007299208978,-233.6573638073627,-1140.083834718329
207.01889440514617,-247.1102208107735,1362.7493991734518,299.917618046214,-514.0320234014295,-1499.3999754921106,-106.88114600479541,-51.34437762852047,775.7241968192698,-179.80524358854086,-631.229109269025
570.0052255157398,991.2999337336042,1162.6320399971016,-418.06669090187927,-338.2277913089393,164.29833110310364,510.2280804773193,1589.6900184075644,540.5041120233955,175.34932319895836,-32.038442807267636
5.945333951679778,291.9467906804017,1442.988038561671,552.4461087485051,-532.02951870204,-1393.1826245626455,-117.86056309530996,646.6750442504482,931.6403710417626,245.72427750015024,-861.7463887519149
1760.6810512901397,-213.65321809968947,750.4235087072672,-860.5481821908023,62.640811564767795,905.5828033570791,877.0718964334137,1600.3720518614555,-334.62077749665013,-75.03908343456507,-178.70979778170243
1223.1627912553474,-485.0164492536085,137.79889906071148,255.1531304297298,-201.9647468871018,-1270.0164758116143,-586.3359366121019,373.5668164997063,354.94103017074644,-26.979527669652725,-632.0591745274512
1496.1831622023024,212.35298436250673,188.10662182248066,28.859564835670707,-387.88778835355345,-1158.9790467936339,-962.9275468163218,488.22059001007744,-25.970222880827446,254.73648602716312,-475.96569480159457
652.5372374066538,-889.0637929375274,480.651381866012,298.03885861034854,-167.93346938604344,-1186.700616762866,-80.8791128221411,398.69730003477275,172.30209764904032,76.0692967237449,-1044.7831679485444
1707.8992284021908,279.2048168586029,1112.7215803648762,-1206.6587429110248,-19.555694782238703,1298.145562077927,395.30078002303134,1277.545529753328,-734.4822109088617,-117.81539972912663,-472.67393231045617
945.7701439059161,-877.3426808816621,870.0875456287696,-847.1875102359207,265.7408460880694,333.40020451573696,1203.0865121200718,1141.6499971512028,-242.4637711887276,-34.793326407352644,-354.6852872772975
658.025077297901,-2107.4455530515097,-1178.057612355059,-1459.7246221929831,573.6125788756278,-153.63124459233387,712.1034152607801,-354.54684625691215,561.3952475891867,1103.5238752531618,-809.5177795889251
-1439.2912023312763,-1031.7625214009104,-1174.893080563792,-330.3317082244914,-608.2116476807549,488.3793564284862,1020.1662915721192,43.36539890378489,274.03244915017666,-315.9816427138313,205.39441261294158
-1194.3920802401533,-1054.3272922922197,-1383.9776053723247,-1029.3452979566584,972.354474955577,142.04862142564534,1460.4330937861619,-103.00731133325972,616.545901588269,475.33673266259075,-744.9476649729244
-1215.2646479995137,-1096.0347051687204,-1351.595356654673,-1565.5943270176936,1451.4146444250075,191.18680263216976,1464.46410369306,-190.59679840316474,422.8896890269434,557.1851909927911,-580.7509541786075
567.7621337500004,-1783.9229817110636,-1041.041688445304,-1034.8961602598097,543.1748707524333,185.25171297322007,723.1625966474663,-45.51320836669746,313.4378570072134,786.2461364848648,-1064.271272680997
225.28475532605216,-346.1621049165034,-1737.1652144797222,-780.4380669685398,-77.098311943788,-227.24948984222362,856.3038736242828,897.4669335086351,278.12268215011636,-341.0239757255117,695.1796427010846
-506.85071618487234,-734.631516372774,-1573.3478064214185,-679.3817228630013,-503.53777003017746,-184.76848203601705,1153.1779647640967,608.4416252526335,193.39508239918328,-76.74392663691397,514.2200752752703
-1110.7007572304387,-809.4018977132271,-1351.0693527115795,-710.1020093605562,1279.9803414585826,116.06387427948118,1063.1515318115564,4.783069865638446,828.0365730681434,559.1725356098227,-709.912675198387
-483.89826489199345,-1101.8998976367818,-1628.375734967674,-329.63054637806795,868.8144425019223,-451.06459393567854,1202.9198137478775,207.18856040179708,558.5040259803393,106.43789604313886,-240.99469953616338
493.2010832504539,-289.8903622442658,-1780.6349732046046,-308.499033042772,624.1670717743382,-388.67995536812424,929.2458652699111,660.4117209797189,-397.9074665902968,90.08620515100866,263.7929771363164
1790.277454735485,726.9674930552238,1586.888104020577,42.82573572401941,2247.0265438000383,1012.1309019742218,-129.85174487632347,690.0050654745979,93.42005504716457,-74.98970601301696,201.1450903918847
1380.6604815229766,2810.2972680272096,420.1205674575449,-51.702450215809066,506.8500447986097,507.40427753898524,504.07263558257256,-765.1973825789165,62.01795983667838,191.36874521188233,481.5828153914453
1905.208643226421,878.308864295183,1728.4493336118182,-14.965252064870427,2059.885089072237,1329.1945170236977,48.15724339476073,720.6017088982883,176.1627159919294,-131.24641517917908,153.70477839511307
1511.3650229816592,2845.782191945227,557.6236584979175,-81.7050072026285,-64.10888866283794,594.7411182007736,815.8101494815578,-912.2938540200437,-92.29937319998763,315.61434831518056,420.70167922116485
989.5155885636357,2821.1704663981195,304.9939331979317,164.39698335375914,795.9366968022223,458.57474221394307,319.50566034638587,-741.4631649099365,-25.01884922442914,89.15354855951887,464.8615121385335
1313.0609644308436,2732.88466372476,331.12952918858275,-264.10382438227765,753.4098476548188,654.076644789596,293.86275933884394,-929.340433994322,-121.01824547153583,270.87429253813946,364.63476882137286
1716.827412876331,912.3396839433732,1510.2670865272953,-211.79125668916967,2306.531821192075,521.2430064824026,-683.1811960248338,252.29714440493188,-316.3562257778363,-19.760579201353455,259.79474507264257
916.2197018015095,2481.835704917624,129.87833775537047,185.84215377725732,756.7641781841496,349.04808667338267,577.458024868502,-489.14911550282665,192.99602775792602,235.64201171779678,413.1577951882708
2078.918701711175,695.926099562963,1359.3267233003758,185.72115883208605,2063.004053862501,1166.2989529189222,-31.15350381022495,634.6272343309821,172.57414750403268,-77.62457224380083,185.81692039775118
2121.580317647295,826.1435768616402,1161.9208667929452,263.04305587303014,1953.1677213102835,988.2599608120937,-164.00493677610802,363.9874127283187,-18.57682933777812,-56.5625286219005,403.9015368385238
-1642.5087492363466,-1344.0582482436937,423.33450111380057,1627.7087643075854,-427.32019985898154,352.2670568717574,-44.741184813422706,63.056393369668214,-558.0699149342647,-283.52079684734844,-316.2389507968767
-1701.5143151774002,-1134.6821715295132,332.2832000633451,1221.1820664399188,-12.23938163702479,62.04356518033173,-584.3406557590571,-565.4887201692242,375.2665522507319,113.05882247276173,-941.280202117121
-1527.897839376521,-475.90102782546035,547.5790918125631,1914.393509789543,-288.8375946465165,-257.8565107760711,-346.19516368802005,-326.2223932707404,153.91158751740093,9.032418298019326,-884.090830737621
-1050.150169921034,-1295.3159888501004,-272.10386927417653,1000.5256831953271,893.6609539002532,-404.48216451342165,-659.2625200810173,572.9813082806068,67.04750771675361,266.21116925821303,-598.3771445351831
-1749.3333694887913,-912.5631632718818,324.45480172533524,1367.7976947765383,-15.087833939974173,112.31393866265968,-486.6262845103105,-621.5844679893147,162.6106525475804,-38.66520405116627,-969.5451417755305
-1871.1745388743159,-1506.8009451157475,629.7296350036949,1440.6304771786622,-817.8501031507257,670.1027034766871,-277.290281813369,-254.68663286482416,-801.8117049531489,-248.20939799490802,-293.2938845220119
-1560.619633079095,-962.7565826685244,236.43816651653395,1335.1058961257456,379.966547272886,-197.66920665494968,-636.3690409330256,-252.89184612098018,485.30407830627416,223.3279507958319,-870.2651253344761
-1691.9221204208502,-1751.0286400766547,133.45232761467648,765.1972430364896,277.6183029804866,-24.09185578121579,-1075.1854326542257,-491.68277926349776,-158.97891810709757,-18.050295804325046,-657.9483439126151
-1084.4528271213178,-1172.6039146536486,180.14398567546962,1727.238380634482,-664.3736434220518,-91.9179550312734,343.32242994311184,536.4505274392247,-704.7760912477662,-280.7561354599746,-68.20053980055796
-1820.056067419206,-1008.039252389594,473.97563722747316,1049.1902837523066,118.16729085284534,483.07318692394324,-288.5375473909372,-702.1831046807571,-39.7568023971202,-192.09530901230764,-805.6744187387737
-2370.06693381161,2594.348132754417,867.0224602847185,153.70373635994252,221.33784180329047,523.5733956871458,-791.2752220641055,632.0370882093029,-248.35831968609193,-177.7493648092536,-506.3969134756521
-2667.7846022515923,2677.2412709536125,831.2662549915609,-136.40725783490763,1028.099138507769,485.6164213565622,-823.2957816712998,386.59179031115076,108.16026483717,-365.99649500923096,11.174392522786965
-3218.840347079302,2755.6929923727234,871.7729417559113,260.7195435685273,-190.98667623052177,909.5433738606762,140.0047315059597,61.07247076862141,133.16776413555286,-317.00028088662094,-167.38790059500593
-2969.602276514412,2959.3152145573117,656.6298803220133,372.6000577370303,-68.82646798765964,915.8650017735605,138.02499063603005,265.2345869545477,164.05094777414172,-276.72676550001097,-225.60672869720366
-2769.313114649971,1991.6436040365083,899.546672721366,490.8893797272026,-223.27021301025175,34.542567030743804,-317.45063110524995,554.63457624381,573.4366733270048,314.94176377732987,-556.8241000390973
-2873.346958885854,2617.8368813624547,1008.471209559697,-191.82000362393842,-945.2057257712744,413.6023235713187,-19.349403058028596,240.19200188510038,116.19050098327463,-323.2998895998173,339.35730404828234
-2744.218769778301,1175.1924501405877,1081.7679319310757,84.98919142860969,473.17543592931935,-68.48541567379654,-174.0647759683069,206.757197595026,291.4945073377487,197.20170494771878,146.57666566595856
-2518.9940907915607,1144.6984421119548,1072.0102582837176,-216.80274018738356,703.0801114297745,-47.28723089231733,-400.95792207058736,508.43680318154344,250.34128296353532,133.04109180441182,179.31806987554444
-2898.8923263431025,1816.9712326709903,1343.7782425956184,375.0977639895268,-94.64955527955298,443.2909477811128,-225.37133525713736,583.8570411137381,660.5300620348377,317.83347371422695,-395.80833974082117
-2664.560621611818,2060.677568103881,637.1877936560195,65.42174347847487,-576.6935194121941,778.421744061797,515.5198346860969,388.22208832672584,331.85938504158725,-232.60610991351186,236.0038969477889
776.375966243838,-936.1321897950575,1624.422283378416,-329.6477084262402,807.646239880787,187.1369201263995,-141.68196692562194,-734.8947872212553,773.7974507336777,-349.95441092288604,338.2701425938142
1032.186756081876,-1557.4296283711756,864.4732896536985,-522.9783249222219,1047.135370586337,121.81396342338812,36.62692865663029,756.79564195087,196.9708911174884,320.3450444761353,-319.0648707658103
976.7284576895652,-1811.3433163426027,1058.3349216109702,-989.1667077257408,1222.396781820529,-42.45312546147312,165.00295595367706,296.8627561441376,122.52822981579371,48.78966009444608,105.39768546900798
614.1419496040173,21.577985675608495,2128.364830905692,1295.4580962828272,-959.9140835804023,642.2403436458568,522.3441532082343,-93.69648636372305,524.9893812966966,-159.1243016310432,605.4102245474363
1203.7394413702636,-1570.6427959861533,921.7348660685984,486.05705147661115,35.23237273304311,293.3041722454006,211.07311031263856,908.2682845346276,100.60664749359384,349.80698449692363,-283.6835616050889
654.6677563705243,-1031.1577689871262,1574.2883088441802,477.83039735620656,-3.74045530267307,478.38686750488284,-56.28529243253101,-1151.3824920949376,904.7844300053368,-471.55125077829274,-334.1476309583409
1138.924882236509,-1262.4525118287006,1059.725947626728,618.2118003454048,-369.8972886670502,426.58103808504904,384.8107954783122,939.3041563209249,-170.61981348386828,-47.49956106215044,430.38077757869604
843.1479403168607,-949.7343932369824,1541.1420244767962,237.59376906244276,553.7432717207624,191.20344105432076,-108.30202487391486,-793.3144432198493,1070.1734126596393,-277.13609623912447,-48.547696885191954
1400.6176583315005,-1276.4104696533568,806.9109888840397,-115.1848877200402,-293.2444452374591,803.2380767057527,1049.3832441094746,1317.877960853735,-469.2270437608123,43.428556389282534,265.636815507919
534.8346537371044,-476.8920704601033,2058.98859097214,1044.4361640828456,-925.0052084823596,899.1884834635273,274.99769183146066,-616.7713518466351,335.81908400442103,-432.77452046554805,200.41879708941102
